{
  "controller/ShowEmployee.controller.js": 1621448036016,
  "manifest.json": 1621449289544,
  "model/models.js": 1621439019708,
  "i18n/i18n.properties": 1621448069640,
  "controller/CreateEmployee.controller.js": 1621446008949,
  "controller/App.controller.js": 1621440029542,
  "Component.js": 1621439313213,
  "manifest-bundle.zip": 1621449289088,
  "Component-preload.js": 1621449289471,
  "controller/ShowEmployee-dbg.controller.js": 1621448036016,
  "model/models-dbg.js": 1621439019708,
  "controller/CreateEmployee-dbg.controller.js": 1621446008949,
  "controller/App-dbg.controller.js": 1621440029542,
  "Component-dbg.js": 1621439313213,
  "resources.json": 1621449289548,
  "view/ShowEmployee.view.xml": 1621446415734,
  "view/CreateEmployee.view.xml": 1621445802161,
  "view/App.view.xml": 1621440293922,
  "fragment/RiseEmployee.fragment.xml": 1621447782387,
  "css/style.css": 1621439019704,
  "index.html": 1621439019704
}