<core:FragmentDefinition xmlns:core="sap.ui.core" xmlns:mvc="sap.ui.core.mvc" xmlns="sap.m"  xmlns:f="sap.ui.layout.form">
	<Dialog title="{i18n>newRise}">
		<content>
			<f:Form>
					<f:layout>
						<f:ResponsiveGridLayout
							labelSpanXL="3"
							labelSpanL="3"
							labelSpanM="3"
							labelSpanS="12"
							adjustLabelSpan="false"
							emptySpanXL="4"
							emptySpanL="4"
							emptySpanM="4"
							emptySpanS="0"
							columnsXL="1"
							columnsL="1"
							columnsM="1"
							singleContainerFullSize="false" />
					</f:layout>
					<f:formContainers>
						<f:FormContainer>
							<f:formElements>
								<f:FormElement label="{i18n>salary}">
									<f:fields>
										<Input value="{newRise>/Ammount}" id="name"/>
									</f:fields>
								</f:FormElement>
								<f:FormElement label="{i18n>date}">
									<f:fields>
										<DatePicker dateValue="{newRise>/CreationDate}"></DatePicker>
									</f:fields>
								</f:FormElement>
								<f:FormElement label="{i18n>comments}">
									<f:fields>
										<TextArea value="{newRise>/Comments}"></TextArea>
									</f:fields>
								</f:FormElement>
							</f:formElements>
						</f:FormContainer>
					</f:formContainers>
			</f:Form>
		</content>
		<buttons>
			<Button text="{i18n>accept}" press="addRise"></Button>
			<Button text="{i18n>cancel}" press="onCloseRiseDialog"></Button>
		</buttons>
	</Dialog>
</core:FragmentDefinition>